gameID,winner
121611,black
121612,black
121623,black
121633,black
121635,black
121637,black
121642,black
121653,black
121656,black
121661,black
121668,black
121678,black
121691,black
121693,black
121705,black
121711,black
121713,black
121714,black
121717,black
121723,black
121736,black
121739,black
121740,black
121742,black
121746,black
121750,black
121752,black
121759,black
121760,black
121765,black
121766,black
121768,black
121775,black
121781,black
121782,black
121783,black
121785,black
121788,black
121790,black
121791,black
121795,black
121797,black
121799,black
121800,black
121802,black
121804,black
121806,black
121819,black
121826,black
121828,black
121843,black
121853,black
121864,black
121905,black
121906,black
121909,black
121911,black
121912,black
121929,black
121934,black
121937,black
121938,black
121942,black
121944,black
121965,black
121969,black
121972,black
121973,black
121975,black
121994,black
121996,black
121998,black
122007,black
122010,black
122015,black
122021,black
122022,black
122023,black
122025,black
122026,black
122031,black
122034,black
122035,black
122045,black
122046,black
122058,black
122059,black
122069,black
122071,black
122073,black
122100,black
122101,black
122102,black
122109,black
122123,black
122125,black
122127,black
122146,black
122148,black
122156,black
122163,black
122172,black
122173,black
122174,black
122175,black
122176,black
122183,black
122185,black
122188,black
122217,black
122222,black
122223,black
122225,black
122230,black
122234,black
122237,black
122239,black
122241,black
122247,black
122256,black
122257,black
122259,black
122270,black
122274,black
122280,black
122288,black
122300,black
122308,black
122311,black
122312,black
122317,black
122318,black
122322,black
122331,black
122338,black
122344,black
122353,black
122358,black
122360,black
122361,black
122382,black
122386,black
122395,black
122406,black
122409,black
122416,black
122418,black
122423,black
122425,black
122426,black
122434,black
122440,black
122448,black
122466,black
122470,black
122477,black
122483,black
122494,black
122495,black
122502,black
122513,black
122518,black
122523,black
122524,black
122526,black
122528,black
122534,black
122547,black
122548,black
122553,black
122558,black
122561,black
122564,black
122566,black
122571,black
122578,black
122581,black
122589,black
122597,black
122603,black
122617,black
122621,black
122628,black
122634,black
122636,black
122639,black
122646,black
122653,black
122655,black
122670,black
122678,black
122680,black
122682,black
122692,black
122693,black
122698,black
122701,black
122702,black
122703,black
122711,black
122716,black
122738,black
122740,black
122742,black
122748,black
122749,black
122753,black
122756,black
122758,black
122765,black
122779,black
122780,black
122782,black
122783,black
122784,black
122785,black
122788,black
122789,black
122801,black
122803,black
122809,black
122810,black
122815,black
122820,black
122821,black
122822,black
122824,black
122826,black
122829,black
122833,black
122835,black
122837,black
122838,black
122842,black
122853,black
122855,black
122856,black
122858,black
122869,black
122872,black
122873,black
122874,black
122881,black
122884,black
122885,black
122891,black
122897,black
122898,black
122902,black
122905,black
122907,black
122917,black
122930,black
122931,black
122934,black
122941,black
122946,black
122951,black
122952,black
122959,black
122962,black
122963,black
122965,black
122973,black
122980,black
122981,black
122986,black
122987,black
122992,black
122999,black
123002,black
123006,black
123010,black
123020,black
123024,black
123031,black
123032,black
123036,black
123040,black
123042,black
123043,black
123048,black
123051,black
123052,black
123053,black
123064,black
123065,black
123066,black
123069,black
123072,black
123078,black
123086,black
123094,black
123095,black
123101,black
123102,black
123103,black
123122,black
123123,black
123135,black
123136,black
123141,black
123144,black
123149,black
123152,black
123153,black
123155,black
123156,black
123159,black
123162,black
123164,black
123165,black
123167,black
123169,black
123176,black
123177,black
123181,black
123183,black
123189,black
123190,black
123210,black
123213,black
123216,black
123221,black
123228,black
123235,black
123238,black
123242,black
123244,black
123246,black
123252,black
123257,black
123263,black
123264,black
123268,black
123273,black
123277,black
123278,black
123279,black
123280,black
123291,black
123294,black
123297,black
123307,black
123309,black
123311,black
123313,black
123316,black
123318,black
123320,black
123322,black
123333,black
123339,black
123340,black
123354,black
123361,black
123363,black
123364,black
123370,black
123371,black
123385,black
123387,black
123392,black
123395,black
123397,black
123399,black
123404,black
123407,black
123409,black
123412,black
123415,black
123418,black
123420,black
123422,black
123426,black
123429,black
123434,black
123463,black
123464,black
123468,black
123472,black
123475,black
123478,black
123481,black
123484,black
123487,black
123489,black
123494,black
123496,black
123500,black
123502,black
123509,black
123514,black
123516,black
123522,black
123526,black
123528,black
123530,black
123532,black
123534,black
123536,black
123541,black
123545,black
123547,black
123548,black
123553,black
123554,black
123556,black
123557,black
123561,black
123562,black
123564,black
123566,black
123569,black
123571,black
123573,black
123574,black
123576,black
123578,black
123580,black
123586,black
123587,black
123593,black
123594,black
123595,black
123596,black
123598,black
123599,black
123600,black
123601,black
123602,black
123613,black
123615,black
123618,black
123621,black
123625,black
123627,black
123628,black
123630,black
123631,black
123635,black
123636,black
123638,black
123641,black
123642,black
123644,black
123661,black
123662,black
123664,black
123666,black
123668,black
123671,black
123674,black
123675,black
123679,black
123683,black
123686,black
123702,black
123704,black
123709,black
123720,black
123721,black
123732,black
123734,black
123742,black
123744,black
123752,black
123763,black
123765,black
123774,black
123775,black
123779,black
123780,black
123781,black
123785,black
123786,black
123787,black
123790,black
123793,black
123794,black
123798,black
123799,black
123801,black
123812,black
123814,black
123815,black
123817,black
123821,black
123825,black
123827,black
123833,black
123836,black
123843,black
123847,black
123851,black
123855,black
123856,black
123859,black
123860,black
123862,black
123864,black
123865,black
123870,black
123880,black
123883,black
123911,black
123929,black
123930,black
123932,black
123955,black
123965,black
123975,black
123977,black
123982,black
123983,black
124001,black
124003,black
124006,black
124009,black
124011,black
124023,black
124026,black
124044,black
124051,black
124065,black
124067,black
124072,black
124089,black
124091,black
124094,black
124097,black
124113,black
124123,black
124131,black
124132,black
124138,black
124139,black
124142,black
124143,black
124155,black
124158,black
124160,black
124162,black
124164,black
124172,black
124173,black
124175,black
124176,black
124190,black
124196,black
124200,black
124206,black
124212,black
124215,black
124223,black
124224,black
124230,black
124234,black
124239,black
124246,black
124251,black
124255,black
124261,black
124264,black
124267,black
124268,black
124290,black
124291,black
124296,black
124298,black
124304,black
124306,black
124308,black
124309,black
124315,black
124316,black
124317,black
124326,black
124327,black
124333,black
124336,black
124337,black
124338,black
124339,black
124340,black
124341,black
124342,black
124347,black
124354,black
124360,black
124376,black
124379,black
124380,black
124383,black
124389,black
124412,black
124414,black
124433,black
124435,black
124440,black
124441,black
124445,black
124448,black
124454,black
124457,black
124462,black
124468,black
124469,black
124471,black
124473,black
124484,black
124486,black
124487,black
124490,black
124494,black
124495,black
124496,black
124497,black
124499,black
124502,black
124506,black
124528,black
124530,black
124531,black
124532,black
124533,black
124539,black
124547,black
124550,black
124552,black
124553,black
124565,black
124570,black
124572,black
124573,black
124574,black
124576,black
124577,black
124582,black
124586,black
124610,black
124614,black
124617,black
124620,black
124626,black
124635,black
124639,black
124645,black
124651,black
124653,black
124655,black
124657,black
124664,black
124666,black
124668,black
124683,black
124684,black
124686,black
124688,black
124689,black
124690,black
124696,black
124697,black
124711,black
124715,black
124721,black
124722,black
124724,black
124732,black
124742,black
124745,black
124747,black
124761,black
124782,black
124786,black
124790,black
124791,black
124794,black
124797,black
124798,black
124801,black
124802,black
124810,black
124813,black
124816,black
124818,black
124820,black
124821,black
124825,black
124834,black
124837,black
124838,black
124839,black
124852,black
124854,black
124856,black
124857,black
124859,black
124860,black
124861,black
124862,black
124866,black
124872,black
124878,black
124883,black
124885,black
124887,black
124892,black
124895,black
124899,black
124907,black
124913,black
124915,black
124921,black
124923,black
124924,black
124926,black
124934,black
124935,black
124940,black
124955,black
124958,black
124960,black
124962,black
124964,black
124969,black
124973,black
124975,black
124985,black
124995,black
125001,black
125002,black
125017,black
125037,black
125046,black
125048,black
125051,black
125056,black
125066,black
125067,black
125068,black
125070,black
125078,black
125086,black
125317,black
125318,black
125319,black
125320,black
125323,black
125326,black
125327,black
125329,black
125331,black
125335,black
125336,black
125339,black
125340,black
125343,black
125344,black
125346,black
125347,black
125349,black
125351,black
125352,black
125363,black
125368,black
125370,black
125371,black
125380,black
125382,black
125386,black
125392,black
125393,black
125397,black
125400,black
125403,black
125425,black
125427,black
125428,black
125434,black
125435,black
125436,black
125441,black
125443,black
125446,black
125449,black
125454,black
125466,black
125468,black
125470,black
125478,black
125488,black
125490,black
125496,black
125498,black
125499,black
125502,black
125506,black
125508,black
125514,black
125517,black
125519,black
125522,black
125523,black
125525,black
125533,black
125539,black
125541,black
125544,black
125545,black
125546,black
125548,black
125555,black
125556,black
125569,black
125571,black
125572,black
125581,black
125584,black
125585,black
125586,black
125588,black
125594,black
125597,black
125598,black
125599,black
125605,black
125609,black
125610,black
125613,black
125614,black
125615,black
125616,black
125618,black
125627,black
125629,black
125630,black
125632,black
125645,black
125646,black
125647,black
125648,black
125649,black
125651,black
125654,black
125658,black
125660,black
125664,black
125676,black
125684,black
125689,black
125692,black
125699,black
125703,black
125705,black
125706,black
125711,black
125715,black
125718,black
125722,black
125727,black
125735,black
125739,black
125741,black
125745,black
125757,black
125759,black
125763,black
125765,black
125766,black
125769,black
125772,black
125776,black
125780,black
125787,black
125789,black
125790,black
125793,black
125800,black
125801,black
125812,black
125813,black
125823,black
125825,black
125834,black
125849,black
125857,black
125860,black
125873,black
125875,black
125876,black
125880,black
125887,black
125891,black
125893,black
125899,black
125901,black
125905,black
125911,black
125914,black
125923,black
125924,black
125934,black
125935,black
125936,black
125940,black
125943,black
125945,black
125949,black
125955,black
125961,black
125962,black
125965,black
125977,black
125983,black
125986,black
125992,black
125993,black
125998,black
125999,black
126004,black
126007,black
126009,black
126012,black
126013,black
126015,black
126022,black
126030,black
126036,black
126038,black
126042,black
126045,black
126049,black
126052,black
126063,black
126071,black
126078,black
126079,black
126081,black
126083,black
126086,black
126091,black
126100,black
126108,black
126109,black
126114,black
126116,black
126119,black
126121,black
126125,black
126130,black
126137,black
126141,black
126143,black
126157,black
126166,black
126169,black
126174,black
126175,black
126176,black
126182,black
126184,black
126199,black
126212,black
126216,black
126217,black
126218,black
126222,black
126226,black
126227,black
126234,black
126241,black
126244,black
126245,black
126248,black
126251,black
126253,black
126256,black
126257,black
126258,black
126260,black
126264,black
126266,black
126269,black
126271,black
126272,black
126273,black
126277,black
126279,black
126280,black
126284,black
126289,black
126296,black
126297,black
126302,black
126304,black
126305,black
126306,black
126311,black
126313,black
126315,black
126316,black
126318,black
126324,black
126325,black
126329,black
126330,black
126337,black
126338,black
126339,black
126352,black
126359,black
126365,black
126372,black
126375,black
126376,black
126381,black
126382,black
126385,black
126389,black
126390,black
126392,black
126395,black
126399,black
126412,black
126413,black
126419,black
126420,black
126423,black
126429,black
126431,black
126442,black
126459,black
126461,black
126466,black
126468,black
126469,black
126471,black
126473,black
126479,black
126480,black
126491,black
126499,black
126500,black
126502,black
126529,black
126534,black
126536,black
126537,black
126542,black
126545,black
126547,black
126562,black
126565,black
126571,black
126573,black
126574,black
126575,black
126576,black
126581,black
126583,black
126584,black
126585,black
126586,black
126587,black
126589,black
126593,black
126596,black
126603,black
126610,black
126612,black
126614,black
126615,black
126617,black
126618,black
126619,black
126620,black
126626,black
126633,black
126634,black
126636,black
126638,black
126639,black
126644,black
126645,black
126646,black
126663,black
126665,black
126677,black
126678,black
126690,black
126691,black
126694,black
126695,black
126702,black
126703,black
126704,black
126705,black
126711,black
126712,black
126714,black
126719,black
126721,black
126722,black
126723,black
126727,black
126728,black
126730,black
126738,black
126744,black
126747,black
126750,black
126751,black
126756,black
126759,black
126760,black
126762,black
126770,black
126775,black
126776,black
126777,black
126779,black
126782,black
126784,black
126786,black
126790,black
126795,black
126798,black
126799,black
126801,black
126806,black
126807,black
126808,black
126814,black
126820,black
126830,black
126833,black
126835,black
126840,black
126842,black
126847,black
126855,black
126860,black
126866,black
126876,black
126892,black
126900,black
126901,black
126909,black
126911,black
126912,black
126929,black
126932,black
126937,black
126938,black
126946,black
126961,black
126962,black
126976,black
126986,black
126988,black
126992,black
126995,black
126996,black
126997,black
126999,black
127000,black
127002,black
127006,black
127010,black
127016,black
127018,black
127026,black
127030,black
127031,black
127041,black
127043,black
127055,black
127057,black
127058,black
127065,black
127069,black
127075,black
127077,black
127082,black
127093,black
127094,black
127096,black
127098,black
127101,black
127104,black
127105,black
127106,black
127112,black
127113,black
127130,black
127135,black
127136,black
127137,black
127150,black
127152,black
127157,black
127168,black
127170,black
127172,black
127174,black
127177,black
127178,black
127179,black
127181,black
127184,black
127188,black
127193,black
127194,black
127198,black
127199,black
127200,black
127211,black
127212,black
127214,black
127218,black
127220,black
127223,black
127229,black
127232,black
127234,black
127236,black
127237,black
127239,black
127249,black
127250,black
127257,black
127262,black
127267,black
127269,black
127282,black
127284,black
127287,black
127288,black
127290,black
127294,black
127295,black
127300,black
127301,black
127303,black
127307,black
127311,black
127312,black
127313,black
127316,black
127318,black
127322,black
127326,black
127328,black
127330,black
127331,black
127339,black
127344,black
127345,black
127348,black
127349,black
127352,black
127355,black
127362,black
127363,black
127365,black
127366,black
127372,black
127374,black
127375,black
127376,black
127378,black
127379,black
127380,black
127385,black
127392,black
127401,black
127402,black
127406,black
127407,black
127408,black
127415,black
127423,black
127424,black
127425,black
127427,black
127431,black
127433,black
127435,black
127438,black
127443,black
127445,black
127446,black
127447,black
127449,black
127451,black
127453,black
127458,black
127459,black
127461,black
127462,black
127464,black
127466,black
127470,black
127471,black
127473,black
127476,black
127477,black
127478,black
127479,black
127480,black
127482,black
127484,black
127486,black
127488,black
127493,black
127494,black
127496,black
127498,black
127499,black
127501,black
127502,black
127520,black
127521,black
127522,black
127526,black
127527,black
127529,black
127533,black
127534,black
127542,black
127543,black
127544,black
127546,black
127548,black
127549,black
127556,black
127558,black
127564,black
127566,black
127567,black
127568,black
127569,black
127574,black
127579,black
127580,black
127593,black
127596,black
127597,black
127598,black
127603,black
127608,black
127609,black
127610,black
127611,black
127613,black
127616,black
127618,black
127623,black
127629,black
127631,black
127633,black
127643,black
127645,black
127647,black
127651,black
127662,black
127666,black
127668,black
127669,black
127674,black
127677,black
127681,black
127685,black
127686,black
127689,black
127690,black
127691,black
127692,black
127694,black
127701,black
127704,black
127709,black
127710,black
127714,black
127715,black
127717,black
127718,black
127719,black
127720,black
127725,black
127726,black
127733,black
127741,black
127753,black
127754,black
127755,black
127756,black
127765,black
127766,black
127767,black
127772,black
127782,black
127783,black
127790,black
127791,black
127795,black
127798,black
127799,black
127801,black
127804,black
127814,black
127819,black
127821,black
127822,black
127824,black
127828,black
127831,black
127832,black
127833,black
127834,black
127835,black
127836,black
127852,black
127870,black
127881,black
127887,black
127889,black
127936,black
127940,black
127946,black
127951,black
127954,black
127955,black
127958,black
127959,black
127974,black
127975,black
127977,black
127982,black
127984,black
127985,black
127992,black
127995,black
127997,black
128001,black
128013,black
128014,black
128015,black
128019,black
128020,black
128022,black
128024,black
128027,black
128031,black
128034,black
128037,black
128040,black
128043,black
128044,black
128045,black
128056,black
128058,black
128064,black
128065,black
128066,black
128067,black
128068,black
128070,black
128077,black
128079,black
128081,black
128083,black
128089,black
128091,black
128099,black
128100,black
128101,black
128103,black
128107,black
128108,black
128109,black
128112,black
128114,black
128136,black
128140,black
128156,black
128163,black
128166,black
128168,black
128170,black
128177,black
128181,black
128183,black
128185,black
128190,black
128192,black
128195,black
128196,black
128197,black
128201,black
128202,black
128203,black
128204,black
128206,black
128215,black
128224,black
128225,black
128241,black
128254,black
128257,black
128266,black
128276,black
128286,black
128289,black
128290,black
128291,black
128293,black
128294,black
128295,black
128296,black
128298,black
128306,black
128307,black
128309,black
128310,black
128311,black
128312,black
128315,black
128320,black
128322,black
128327,black
128344,black
128347,black
128348,black
128351,black
128355,black
128359,black
128363,black
128368,black
128369,black
128374,black
128375,black
128376,black
128382,black
128384,black
128385,black
128389,black
128396,black
128404,black
128412,black
128413,black
128414,black
128419,black
128431,black
128432,black
128433,black
128434,black
128435,black
128436,black
128439,black
128440,black
128441,black
128447,black
128452,black
128453,black
128458,black
128463,black
128465,black
128471,black
128473,black
128475,black
128476,black
128477,black
128482,black
128483,black
128491,black
128492,black
128495,black
128500,black
128516,black
128518,black
128519,black
128536,black
128540,black
128541,black
128542,black
128547,black
128552,black
128555,black
128557,black
128558,black
128560,black
128563,black
128566,black
128575,black
128577,black
128579,black
128581,black
128582,black
128585,black
128586,black
128588,black
128589,black
128590,black
128594,black
128595,black
128598,black
128601,black
128602,black
128603,black
128605,black
128606,black
128608,black
128609,black
128612,black
128613,black
128614,black
128618,black
128621,black
128623,black
128628,black
128629,black
128635,black
128638,black
128642,black
128643,black
128645,black
128651,black
128655,black
128656,black
128661,black
128672,black
128683,black
128684,black
128691,black
128695,black
128703,black
128713,black
128715,black
128721,black
128722,black
128723,black
128724,black
128735,black
128737,black
128740,black
128741,black
128742,black
128747,black
128748,black
128749,black
128753,black
128757,black
128762,black
128769,black
128774,black
128777,black
128780,black
128788,black
128790,black
128791,black
128793,black
128800,black
128803,black
128805,black
128809,black
128822,black
128829,black
128832,black
128834,black
128835,black
128836,black
128838,black
128839,black
128847,black
128849,black
128851,black
128856,black
128859,black
128860,black
128864,black
128865,black
128876,black
128878,black
128880,black
128885,black
128886,black
128890,black
128903,black
128905,black
128907,black
128908,black
128917,black
128928,black
128930,black
128941,black
128943,black
128945,black
128949,black
128954,black
128955,black
128961,black
128964,black
128969,black
128978,black
128981,black
128986,black
128987,black
128988,black
128989,black
128992,black
129004,black
129011,black
129020,black
129021,black
129043,black
129049,black
129051,black
129064,black
129070,black
129072,black
129073,black
129076,black
129080,black
129083,black
129092,black
129097,black
129099,black
129101,black
129105,black
129112,black
129129,black
129133,black
129136,black
129140,black
129151,black
129153,black
129154,black
129160,black
129166,black
129169,black
129178,black
129179,black
129182,black
129184,black
129185,black
129189,black
129193,black
129194,black
129198,black
129200,black
129210,black
129216,black
129218,black
129220,black
129224,black
129226,black
129235,black
129242,black
129243,black
129248,black
129249,black
129251,black
129261,black
129263,black
129264,black
129268,black
129270,black
129271,black
129276,black
129280,black
129281,black
129283,black
129284,black
129285,black
129288,black
129294,black
129303,black
129306,black
129310,black
129314,black
129316,black
129317,black
129324,black
129327,black
129328,black
129335,black
129344,black
129355,black
129357,black
129358,black
129367,black
129372,black
129379,black
129381,black
129382,black
129385,black
129397,black
129406,black
129409,black
129413,black
129417,black
129420,black
129422,black
129437,black
129439,black
129442,black
129449,black
129456,black
129458,black
129466,black
129468,black
129470,black
129480,black
129485,black
129489,black
129501,black
129503,black
129509,black
129513,black
129514,black
129515,black
129521,black
129523,black
129527,black
129536,black
129539,black
129546,black
129547,black
129549,black
129579,black
129584,black
129587,black
129594,black
129595,black
129598,black
129600,black
129606,black
129607,black
129609,black
129615,black
129622,black
129624,black
129633,black
129638,black
129645,black
129649,black
129650,black
129651,black
129653,black
129654,black
129659,black
129660,black
129662,black
129663,black
129673,black
129685,black
129686,black
129690,black
129694,black
129695,black
129699,black
129701,black
129712,black
129714,black
129719,black
129721,black
129723,black
129725,black
129726,black
129733,black
129735,black
129740,black
129741,black
129768,black
129770,black
129773,black
129775,black
129776,black
129777,black
129778,black
129780,black
129783,black
129784,black
129785,black
129786,black
129787,black
129788,black
129794,black
129795,black
129798,black
129805,black
129806,black
129818,black
129819,black
129839,black
129843,black
129848,black
129852,black
129858,black
129859,black
129863,black
129864,black
129870,black
129875,black
129876,black
129880,black
129882,black
129884,black
129885,black
129889,black
129891,black
129899,black
129901,black
129915,black
129916,black
129923,black
129931,black
129953,black
129956,black
129959,black
129964,black
129980,black
129982,black
129997,black
129998,black
130005,black
130009,black
130017,black
130022,black
130042,black
130047,black
130050,black
130052,black
130054,black
130057,black
130060,black
130064,black
130066,black
130073,black
130074,black
130079,black
130084,black
130085,black
130090,black
130092,black
130094,black
130095,black
130105,black
130106,black
130107,black
130112,black
130117,black
130119,black
130126,black
130127,black
130128,black
130130,black
130131,black
130139,black
130156,black
130162,black
130164,black
130167,black
130182,black
130185,black
130196,black
130207,black
130209,black
130210,black
130213,black
130229,black
130233,black
130242,black
130258,black
130259,black
130261,black
130264,black
130269,black
130272,black
130283,black
130284,black
130289,black
130290,black
130294,black
130296,black
130298,black
130302,black
130303,black
130304,black
130318,black
130329,black
130334,black
130341,black
130347,black
130359,black
130360,black
130362,black
130367,black
130371,black
130378,black
130380,black
130382,black
130387,black
130390,black
130401,black
130419,black
130426,black
130433,black
130450,black
130451,black
130458,black
130463,black
130468,black
130472,black
130479,black
130484,black
130487,black
130493,black
130497,black
130504,black
130507,black
130511,black
130515,black
130525,black
130527,black
130530,black
130541,black
130552,black
130559,black
130562,black
130568,black
130571,black
130572,black
130577,black
130578,black
130579,black
130581,black
130582,black
130588,black
130589,black
130590,black
130593,black
130594,black
130596,black
130597,black
130599,black
130600,black
130604,black
130607,black
130608,black
130611,black
130614,black
130617,black
130618,black
130620,black
130621,black
130622,black
130623,black
130630,black
130632,black
130633,black
130656,black
130658,black
130662,black
130666,black
130669,black
130670,black
130671,black
130676,black
130677,black
130678,black
130679,black
130680,black
130686,black
130689,black
130691,black
130692,black
130696,black
130707,black
130725,black
130727,black
130733,black
130737,black
130738,black
130739,black
130741,black
130746,black
130747,black
130751,black
130753,black
130755,black
130758,black
130761,black
130763,black
130764,black
130770,black
130771,black
130772,black
130773,black
130776,black
130777,black
130779,black
130786,black
130810,black
130812,black
130814,black
130817,black
130820,black
130833,black
130837,black
130838,black
130850,black
130866,black
130867,black
130868,black
130871,black
130872,black
130873,black
130875,black
130876,black
130879,black
130880,black
130881,black
130882,black
130883,black
130884,black
130887,black
130889,black
130901,black
130906,black
130907,black
130908,black
130911,black
130912,black
130913,black
130917,black
130928,black
130930,black
130931,black
130934,black
130935,black
130936,black
130941,black
130943,black
130945,black
130950,black
130951,black
130954,black
130959,black
130960,black
130961,black
130962,black
130963,black
130967,black
130968,black
130969,black
130974,black
130979,black
130989,black
130997,black
130998,black
131000,black
131001,black
131017,black
131022,black
131023,black
131043,black
131047,black
131052,black
131059,black
131064,black
131070,black
131076,black
131078,black
131100,black
131125,black
131128,black
131146,black
131148,black
131149,black
131154,black
131164,black
131176,black
131179,black
131196,black
131215,black
131216,black
131221,black
131224,black
131226,black
131244,black
131245,black
131247,black
131275,black
131281,black
131459,black
131468,black
131470,black
131472,black
131476,black
131479,black
131493,black
131500,black
131501,black
131503,black
131506,black
131507,black
131517,black
131519,black
131533,black
131549,black
131555,black
131556,black
131557,black
131558,black
131563,black
131564,black
131566,black
131567,black
131569,black
131570,black
131574,black
131575,black
131579,black
131583,black
131584,black
131591,black
131592,black
131597,black
131598,black
131599,black
131600,black
131601,black
121609,red
121610,red
121617,red
121621,red
121622,red
121624,red
121625,red
121626,red
121627,red
121629,red
121632,red
121636,red
121641,red
121643,red
121645,red
121646,red
121655,red
121657,red
121658,red
121659,red
121660,red
121662,red
121664,red
121666,red
121669,red
121672,red
121677,red
121679,red
121689,red
121697,red
121698,red
121701,red
121703,red
121704,red
121706,red
121707,red
121710,red
121716,red
121719,red
121720,red
121721,red
121724,red
121725,red
121726,red
121728,red
121729,red
121730,red
121734,red
121735,red
121737,red
121738,red
121741,red
121743,red
121748,red
121749,red
121751,red
121753,red
121761,red
121773,red
121774,red
121776,red
121777,red
121787,red
121789,red
121792,red
121793,red
121794,red
121796,red
121801,red
121803,red
121805,red
121807,red
121808,red
121809,red
121815,red
121816,red
121821,red
121827,red
121833,red
121840,red
121845,red
121847,red
121852,red
121865,red
121866,red
121867,red
121872,red
121873,red
121874,red
121875,red
121876,red
121880,red
121896,red
121899,red
121901,red
121910,red
121914,red
121931,red
121933,red
121939,red
121943,red
121948,red
121949,red
121968,red
121970,red
121971,red
121977,red
121986,red
121987,red
121988,red
121997,red
122002,red
122003,red
122004,red
122005,red
122006,red
122008,red
122011,red
122016,red
122027,red
122030,red
122032,red
122033,red
122036,red
122038,red
122039,red
122048,red
122049,red
122051,red
122053,red
122057,red
122060,red
122061,red
122062,red
122063,red
122064,red
122065,red
122066,red
122075,red
122080,red
122081,red
122092,red
122095,red
122096,red
122098,red
122099,red
122103,red
122104,red
122106,red
122108,red
122117,red
122130,red
122142,red
122143,red
122144,red
122147,red
122155,red
122157,red
122158,red
122159,red
122164,red
122166,red
122168,red
122171,red
122177,red
122178,red
122179,red
122187,red
122192,red
122194,red
122197,red
122211,red
122220,red
122224,red
122227,red
122229,red
122231,red
122238,red
122242,red
122253,red
122258,red
122261,red
122263,red
122264,red
122266,red
122267,red
122268,red
122275,red
122276,red
122283,red
122284,red
122286,red
122290,red
122291,red
122297,red
122303,red
122309,red
122310,red
122320,red
122332,red
122341,red
122343,red
122345,red
122352,red
122354,red
122355,red
122357,red
122359,red
122369,red
122378,red
122383,red
122384,red
122385,red
122388,red
122391,red
122408,red
122410,red
122411,red
122414,red
122415,red
122420,red
122421,red
122422,red
122427,red
122428,red
122435,red
122436,red
122441,red
122442,red
122449,red
122451,red
122452,red
122455,red
122459,red
122460,red
122462,red
122476,red
122480,red
122482,red
122487,red
122491,red
122493,red
122497,red
122503,red
122506,red
122507,red
122508,red
122509,red
122510,red
122511,red
122512,red
122519,red
122521,red
122522,red
122533,red
122542,red
122544,red
122546,red
122549,red
122550,red
122551,red
122554,red
122560,red
122562,red
122568,red
122570,red
122572,red
122574,red
122576,red
122577,red
122580,red
122582,red
122587,red
122595,red
122600,red
122602,red
122605,red
122606,red
122607,red
122609,red
122611,red
122614,red
122619,red
122623,red
122630,red
122637,red
122642,red
122643,red
122647,red
122648,red
122649,red
122650,red
122657,red
122659,red
122661,red
122663,red
122665,red
122666,red
122667,red
122672,red
122674,red
122679,red
122681,red
122685,red
122686,red
122689,red
122694,red
122695,red
122700,red
122704,red
122707,red
122708,red
122712,red
122713,red
122714,red
122719,red
122721,red
122725,red
122728,red
122730,red
122731,red
122736,red
122737,red
122739,red
122743,red
122746,red
122751,red
122754,red
122757,red
122759,red
122760,red
122761,red
122762,red
122767,red
122770,red
122771,red
122772,red
122774,red
122775,red
122787,red
122790,red
122791,red
122795,red
122796,red
122797,red
122798,red
122799,red
122802,red
122804,red
122805,red
122808,red
122811,red
122813,red
122814,red
122816,red
122834,red
122836,red
122839,red
122840,red
122850,red
122851,red
122854,red
122857,red
122862,red
122863,red
122866,red
122867,red
122868,red
122870,red
122871,red
122879,red
122886,red
122889,red
122900,red
122901,red
122904,red
122911,red
122912,red
122916,red
122918,red
122920,red
122921,red
122924,red
122926,red
122927,red
122928,red
122932,red
122933,red
122935,red
122940,red
122942,red
122944,red
122945,red
122948,red
122949,red
122960,red
122961,red
122970,red
122972,red
122974,red
122978,red
122982,red
122983,red
122989,red
122991,red
122994,red
122995,red
123001,red
123004,red
123008,red
123009,red
123012,red
123013,red
123015,red
123023,red
123025,red
123027,red
123028,red
123030,red
123034,red
123041,red
123047,red
123056,red
123057,red
123061,red
123068,red
123071,red
123074,red
123075,red
123077,red
123079,red
123080,red
123087,red
123088,red
123096,red
123107,red
123111,red
123114,red
123115,red
123116,red
123118,red
123124,red
123125,red
123128,red
123137,red
123138,red
123142,red
123143,red
123151,red
123154,red
123160,red
123161,red
123166,red
123178,red
123179,red
123184,red
123188,red
123191,red
123204,red
123209,red
123211,red
123212,red
123215,red
123217,red
123219,red
123220,red
123224,red
123231,red
123233,red
123236,red
123237,red
123239,red
123240,red
123253,red
123258,red
123259,red
123265,red
123266,red
123269,red
123271,red
123272,red
123274,red
123281,red
123282,red
123283,red
123284,red
123292,red
123295,red
123296,red
123298,red
123302,red
123306,red
123308,red
123312,red
123321,red
123323,red
123324,red
123325,red
123331,red
123332,red
123334,red
123335,red
123336,red
123337,red
123341,red
123344,red
123345,red
123346,red
123356,red
123357,red
123358,red
123362,red
123366,red
123367,red
123368,red
123373,red
123374,red
123375,red
123382,red
123386,red
123388,red
123389,red
123390,red
123391,red
123393,red
123398,red
123401,red
123403,red
123406,red
123408,red
123410,red
123411,red
123413,red
123414,red
123416,red
123417,red
123419,red
123421,red
123423,red
123424,red
123427,red
123428,red
123459,red
123461,red
123462,red
123465,red
123467,red
123476,red
123477,red
123479,red
123480,red
123482,red
123488,red
123490,red
123491,red
123492,red
123497,red
123499,red
123501,red
123503,red
123505,red
123506,red
123507,red
123508,red
123511,red
123513,red
123517,red
123520,red
123521,red
123523,red
123525,red
123531,red
123533,red
123538,red
123539,red
123540,red
123542,red
123543,red
123544,red
123546,red
123549,red
123550,red
123551,red
123555,red
123559,red
123560,red
123563,red
123567,red
123570,red
123572,red
123575,red
123579,red
123581,red
123582,red
123585,red
123588,red
123589,red
123590,red
123591,red
123597,red
123603,red
123604,red
123606,red
123607,red
123608,red
123610,red
123611,red
123612,red
123614,red
123619,red
123622,red
123632,red
123634,red
123637,red
123639,red
123647,red
123648,red
123649,red
123651,red
123652,red
123654,red
123656,red
123660,red
123663,red
123665,red
123667,red
123669,red
123670,red
123672,red
123673,red
123684,red
123685,red
123687,red
123688,red
123691,red
123693,red
123694,red
123695,red
123696,red
123701,red
123703,red
123713,red
123714,red
123715,red
123722,red
123724,red
123733,red
123735,red
123743,red
123746,red
123750,red
123756,red
123757,red
123762,red
123764,red
123766,red
123776,red
123777,red
123778,red
123782,red
123783,red
123784,red
123791,red
123792,red
123795,red
123797,red
123800,red
123802,red
123803,red
123804,red
123805,red
123806,red
123808,red
123810,red
123811,red
123813,red
123818,red
123820,red
123823,red
123824,red
123829,red
123830,red
123832,red
123834,red
123835,red
123838,red
123840,red
123841,red
123845,red
123846,red
123848,red
123849,red
123850,red
123852,red
123854,red
123857,red
123863,red
123866,red
123867,red
123868,red
123869,red
123871,red
123876,red
123881,red
123884,red
123903,red
123908,red
123910,red
123912,red
123913,red
123914,red
123918,red
123919,red
123920,red
123925,red
123931,red
123933,red
123935,red
123936,red
123937,red
123943,red
123945,red
123946,red
123948,red
123953,red
123954,red
123962,red
123964,red
123966,red
123974,red
123976,red
123978,red
123986,red
124002,red
124005,red
124008,red
124012,red
124015,red
124017,red
124018,red
124022,red
124024,red
124025,red
124028,red
124032,red
124034,red
124041,red
124042,red
124043,red
124046,red
124050,red
124066,red
124073,red
124074,red
124076,red
124077,red
124078,red
124085,red
124095,red
124098,red
124099,red
124111,red
124112,red
124114,red
124118,red
124122,red
124125,red
124127,red
124129,red
124130,red
124135,red
124146,red
124148,red
124149,red
124157,red
124159,red
124165,red
124166,red
124168,red
124169,red
124174,red
124177,red
124178,red
124183,red
124187,red
124188,red
124191,red
124192,red
124193,red
124195,red
124199,red
124201,red
124202,red
124203,red
124204,red
124205,red
124210,red
124214,red
124216,red
124217,red
124218,red
124219,red
124225,red
124226,red
124228,red
124229,red
124236,red
124242,red
124243,red
124245,red
124247,red
124248,red
124252,red
124257,red
124259,red
124263,red
124269,red
124278,red
124279,red
124281,red
124282,red
124285,red
124286,red
124287,red
124288,red
124294,red
124295,red
124314,red
124320,red
124321,red
124325,red
124330,red
124343,red
124345,red
124348,red
124350,red
124351,red
124352,red
124359,red
124362,red
124364,red
124368,red
124371,red
124377,red
124378,red
124381,red
124384,red
124386,red
124387,red
124388,red
124392,red
124395,red
124397,red
124400,red
124401,red
124404,red
124415,red
124418,red
124421,red
124427,red
124428,red
124431,red
124434,red
124436,red
124438,red
124442,red
124443,red
124450,red
124451,red
124452,red
124455,red
124458,red
124460,red
124463,red
124466,red
124467,red
124470,red
124481,red
124489,red
124498,red
124500,red
124501,red
124507,red
124508,red
124509,red
124510,red
124511,red
124512,red
124520,red
124536,red
124538,red
124548,red
124558,red
124559,red
124561,red
124563,red
124564,red
124568,red
124569,red
124575,red
124578,red
124579,red
124581,red
124584,red
124590,red
124591,red
124596,red
124598,red
124599,red
124600,red
124605,red
124609,red
124611,red
124613,red
124622,red
124623,red
124625,red
124627,red
124630,red
124632,red
124637,red
124638,red
124641,red
124643,red
124644,red
124648,red
124649,red
124658,red
124660,red
124662,red
124665,red
124671,red
124672,red
124678,red
124681,red
124682,red
124685,red
124687,red
124691,red
124694,red
124698,red
124699,red
124701,red
124702,red
124703,red
124704,red
124708,red
124709,red
124712,red
124713,red
124714,red
124716,red
124717,red
124719,red
124720,red
124725,red
124728,red
124730,red
124733,red
124734,red
124735,red
124737,red
124738,red
124743,red
124750,red
124752,red
124753,red
124755,red
124759,red
124760,red
124763,red
124768,red
124770,red
124775,red
124776,red
124780,red
124781,red
124787,red
124789,red
124792,red
124795,red
124796,red
124799,red
124803,red
124804,red
124805,red
124806,red
124807,red
124808,red
124809,red
124811,red
124812,red
124814,red
124815,red
124817,red
124819,red
124824,red
124826,red
124827,red
124828,red
124833,red
124835,red
124840,red
124841,red
124842,red
124843,red
124844,red
124848,red
124850,red
124855,red
124858,red
124863,red
124865,red
124867,red
124868,red
124870,red
124871,red
124873,red
124877,red
124879,red
124881,red
124884,red
124888,red
124891,red
124896,red
124898,red
124903,red
124905,red
124908,red
124909,red
124912,red
124914,red
124919,red
124922,red
124925,red
124931,red
124936,red
124941,red
124942,red
124944,red
124946,red
124950,red
124954,red
124957,red
124959,red
124961,red
124965,red
124967,red
124974,red
124976,red
124977,red
124981,red
124986,red
124987,red
124988,red
124989,red
124990,red
124992,red
124996,red
124998,red
125000,red
125003,red
125016,red
125021,red
125023,red
125025,red
125027,red
125030,red
125031,red
125034,red
125045,red
125053,red
125058,red
125060,red
125062,red
125063,red
125064,red
125069,red
125071,red
125073,red
125074,red
125075,red
125076,red
125077,red
125085,red
125088,red
125089,red
125314,red
125316,red
125321,red
125322,red
125325,red
125330,red
125333,red
125338,red
125341,red
125342,red
125350,red
125354,red
125356,red
125357,red
125360,red
125361,red
125362,red
125366,red
125369,red
125374,red
125375,red
125377,red
125394,red
125396,red
125398,red
125401,red
125402,red
125404,red
125405,red
125406,red
125407,red
125409,red
125411,red
125412,red
125413,red
125419,red
125420,red
125421,red
125432,red
125433,red
125437,red
125440,red
125442,red
125445,red
125448,red
125455,red
125461,red
125465,red
125467,red
125472,red
125473,red
125475,red
125479,red
125480,red
125483,red
125491,red
125495,red
125497,red
125500,red
125504,red
125510,red
125511,red
125512,red
125516,red
125526,red
125528,red
125529,red
125531,red
125535,red
125547,red
125549,red
125552,red
125553,red
125561,red
125563,red
125565,red
125566,red
125567,red
125570,red
125573,red
125574,red
125575,red
125578,red
125580,red
125589,red
125591,red
125595,red
125596,red
125600,red
125601,red
125611,red
125617,red
125619,red
125624,red
125625,red
125626,red
125633,red
125634,red
125636,red
125637,red
125639,red
125640,red
125644,red
125652,red
125653,red
125659,red
125662,red
125665,red
125666,red
125667,red
125668,red
125669,red
125670,red
125671,red
125672,red
125674,red
125675,red
125677,red
125680,red
125681,red
125682,red
125690,red
125691,red
125693,red
125695,red
125696,red
125697,red
125698,red
125700,red
125701,red
125702,red
125707,red
125708,red
125709,red
125710,red
125713,red
125714,red
125716,red
125719,red
125723,red
125725,red
125729,red
125730,red
125738,red
125742,red
125743,red
125746,red
125747,red
125749,red
125755,red
125756,red
125758,red
125760,red
125767,red
125770,red
125775,red
125778,red
125779,red
125781,red
125783,red
125784,red
125785,red
125788,red
125795,red
125797,red
125799,red
125802,red
125805,red
125809,red
125811,red
125815,red
125817,red
125820,red
125821,red
125822,red
125824,red
125828,red
125835,red
125836,red
125837,red
125840,red
125841,red
125847,red
125848,red
125853,red
125854,red
125855,red
125858,red
125861,red
125862,red
125863,red
125864,red
125868,red
125870,red
125872,red
125874,red
125878,red
125879,red
125882,red
125883,red
125888,red
125889,red
125895,red
125896,red
125897,red
125898,red
125900,red
125906,red
125907,red
125908,red
125909,red
125910,red
125918,red
125925,red
125926,red
125928,red
125932,red
125933,red
125938,red
125942,red
125946,red
125947,red
125958,red
125959,red
125963,red
125966,red
125971,red
125973,red
125976,red
125978,red
125980,red
125981,red
125982,red
125985,red
125987,red
125988,red
125989,red
125990,red
125991,red
125994,red
125995,red
125996,red
126000,red
126003,red
126005,red
126006,red
126010,red
126014,red
126017,red
126018,red
126019,red
126020,red
126032,red
126033,red
126035,red
126037,red
126039,red
126040,red
126041,red
126043,red
126046,red
126047,red
126048,red
126050,red
126053,red
126055,red
126056,red
126057,red
126059,red
126061,red
126062,red
126064,red
126066,red
126069,red
126073,red
126076,red
126077,red
126088,red
126089,red
126092,red
126093,red
126094,red
126095,red
126098,red
126102,red
126103,red
126106,red
126107,red
126111,red
126112,red
126115,red
126118,red
126120,red
126126,red
126127,red
126128,red
126129,red
126131,red
126135,red
126136,red
126138,red
126142,red
126144,red
126146,red
126149,red
126151,red
126152,red
126159,red
126160,red
126162,red
126172,red
126173,red
126177,red
126179,red
126185,red
126190,red
126195,red
126200,red
126201,red
126202,red
126203,red
126204,red
126207,red
126210,red
126215,red
126219,red
126220,red
126221,red
126223,red
126224,red
126233,red
126235,red
126236,red
126237,red
126242,red
126246,red
126249,red
126252,red
126259,red
126263,red
126265,red
126268,red
126275,red
126283,red
126285,red
126286,red
126287,red
126288,red
126290,red
126291,red
126292,red
126293,red
126298,red
126299,red
126301,red
126307,red
126308,red
126309,red
126310,red
126312,red
126314,red
126319,red
126320,red
126321,red
126327,red
126328,red
126333,red
126334,red
126336,red
126341,red
126342,red
126343,red
126344,red
126346,red
126348,red
126349,red
126351,red
126353,red
126354,red
126355,red
126356,red
126357,red
126363,red
126366,red
126367,red
126368,red
126369,red
126370,red
126377,red
126379,red
126380,red
126383,red
126386,red
126387,red
126388,red
126391,red
126393,red
126394,red
126398,red
126400,red
126402,red
126404,red
126407,red
126408,red
126411,red
126414,red
126415,red
126417,red
126418,red
126422,red
126425,red
126426,red
126434,red
126435,red
126440,red
126444,red
126449,red
126456,red
126457,red
126463,red
126472,red
126476,red
126477,red
126482,red
126483,red
126486,red
126488,red
126495,red
126496,red
126508,red
126510,red
126512,red
126513,red
126515,red
126516,red
126519,red
126527,red
126532,red
126540,red
126546,red
126548,red
126554,red
126555,red
126556,red
126557,red
126559,red
126564,red
126569,red
126570,red
126572,red
126577,red
126578,red
126582,red
126588,red
126590,red
126591,red
126592,red
126594,red
126595,red
126597,red
126598,red
126599,red
126604,red
126608,red
126609,red
126613,red
126616,red
126621,red
126622,red
126623,red
126624,red
126627,red
126629,red
126630,red
126632,red
126635,red
126647,red
126652,red
126653,red
126657,red
126658,red
126659,red
126660,red
126661,red
126662,red
126666,red
126671,red
126672,red
126673,red
126674,red
126675,red
126681,red
126683,red
126685,red
126689,red
126693,red
126696,red
126701,red
126716,red
126718,red
126720,red
126724,red
126725,red
126729,red
126732,red
126735,red
126739,red
126743,red
126746,red
126752,red
126753,red
126754,red
126757,red
126761,red
126763,red
126764,red
126765,red
126766,red
126769,red
126771,red
126772,red
126778,red
126780,red
126781,red
126785,red
126787,red
126789,red
126791,red
126797,red
126803,red
126810,red
126811,red
126815,red
126818,red
126822,red
126823,red
126826,red
126831,red
126832,red
126834,red
126836,red
126839,red
126841,red
126843,red
126846,red
126849,red
126851,red
126856,red
126864,red
126868,red
126871,red
126893,red
126919,red
126927,red
126930,red
126931,red
126942,red
126944,red
126945,red
126948,red
126950,red
126951,red
126952,red
126955,red
126956,red
126957,red
126958,red
126959,red
126960,red
126963,red
126964,red
126966,red
126967,red
126973,red
126977,red
126985,red
126987,red
126993,red
126994,red
126998,red
127001,red
127003,red
127004,red
127007,red
127009,red
127011,red
127012,red
127013,red
127017,red
127019,red
127020,red
127022,red
127023,red
127025,red
127032,red
127033,red
127034,red
127036,red
127040,red
127042,red
127044,red
127045,red
127047,red
127048,red
127052,red
127053,red
127054,red
127061,red
127062,red
127064,red
127066,red
127068,red
127070,red
127071,red
127076,red
127078,red
127079,red
127080,red
127081,red
127086,red
127087,red
127091,red
127092,red
127095,red
127097,red
127100,red
127102,red
127108,red
127109,red
127111,red
127118,red
127120,red
127121,red
127122,red
127126,red
127128,red
127132,red
127133,red
127134,red
127138,red
127145,red
127146,red
127147,red
127148,red
127149,red
127151,red
127163,red
127165,red
127166,red
127167,red
127176,red
127180,red
127182,red
127183,red
127192,red
127196,red
127197,red
127201,red
127206,red
127207,red
127209,red
127217,red
127219,red
127222,red
127227,red
127228,red
127230,red
127231,red
127233,red
127235,red
127238,red
127240,red
127241,red
127243,red
127251,red
127253,red
127254,red
127259,red
127260,red
127261,red
127263,red
127270,red
127271,red
127273,red
127275,red
127277,red
127278,red
127279,red
127280,red
127281,red
127286,red
127289,red
127291,red
127292,red
127293,red
127297,red
127298,red
127309,red
127310,red
127317,red
127319,red
127321,red
127323,red
127324,red
127327,red
127333,red
127334,red
127336,red
127337,red
127338,red
127340,red
127341,red
127342,red
127343,red
127346,red
127347,red
127350,red
127351,red
127353,red
127354,red
127356,red
127357,red
127358,red
127359,red
127361,red
127364,red
127367,red
127368,red
127370,red
127377,red
127382,red
127384,red
127387,red
127388,red
127389,red
127391,red
127393,red
127394,red
127395,red
127396,red
127397,red
127399,red
127400,red
127405,red
127413,red
127414,red
127416,red
127417,red
127418,red
127420,red
127421,red
127422,red
127430,red
127437,red
127439,red
127448,red
127454,red
127465,red
127474,red
127475,red
127481,red
127485,red
127487,red
127495,red
127500,red
127505,red
127506,red
127507,red
127510,red
127511,red
127530,red
127532,red
127541,red
127547,red
127551,red
127557,red
127561,red
127563,red
127565,red
127572,red
127575,red
127576,red
127577,red
127578,red
127584,red
127586,red
127587,red
127588,red
127589,red
127590,red
127591,red
127592,red
127595,red
127599,red
127600,red
127605,red
127606,red
127614,red
127615,red
127625,red
127626,red
127630,red
127632,red
127639,red
127641,red
127642,red
127648,red
127650,red
127654,red
127655,red
127656,red
127658,red
127659,red
127660,red
127663,red
127664,red
127667,red
127670,red
127672,red
127675,red
127676,red
127678,red
127679,red
127680,red
127687,red
127688,red
127693,red
127695,red
127699,red
127700,red
127702,red
127705,red
127707,red
127708,red
127721,red
127723,red
127727,red
127728,red
127736,red
127740,red
127743,red
127744,red
127746,red
127747,red
127758,red
127759,red
127760,red
127761,red
127769,red
127770,red
127773,red
127774,red
127778,red
127780,red
127784,red
127789,red
127793,red
127794,red
127797,red
127800,red
127802,red
127809,red
127811,red
127815,red
127820,red
127823,red
127825,red
127826,red
127827,red
127829,red
127830,red
127850,red
127851,red
127879,red
127883,red
127884,red
127885,red
127886,red
127888,red
127933,red
127935,red
127941,red
127942,red
127943,red
127950,red
127952,red
127956,red
127957,red
127961,red
127967,red
127968,red
127972,red
128002,red
128003,red
128004,red
128005,red
128008,red
128010,red
128011,red
128012,red
128017,red
128018,red
128021,red
128023,red
128026,red
128029,red
128032,red
128033,red
128035,red
128038,red
128039,red
128046,red
128049,red
128050,red
128051,red
128052,red
128054,red
128059,red
128060,red
128062,red
128071,red
128072,red
128074,red
128076,red
128078,red
128080,red
128082,red
128084,red
128086,red
128087,red
128092,red
128095,red
128102,red
128111,red
128113,red
128115,red
128155,red
128157,red
128161,red
128162,red
128167,red
128171,red
128173,red
128175,red
128176,red
128178,red
128180,red
128184,red
128186,red
128188,red
128191,red
128193,red
128194,red
128198,red
128199,red
128200,red
128205,red
128207,red
128208,red
128209,red
128220,red
128236,red
128240,red
128242,red
128247,red
128260,red
128262,red
128264,red
128265,red
128268,red
128270,red
128271,red
128272,red
128273,red
128275,red
128277,red
128278,red
128280,red
128281,red
128282,red
128283,red
128285,red
128287,red
128288,red
128314,red
128317,red
128319,red
128324,red
128326,red
128334,red
128336,red
128337,red
128338,red
128339,red
128343,red
128349,red
128350,red
128354,red
128356,red
128362,red
128364,red
128366,red
128379,red
128383,red
128387,red
128390,red
128391,red
128394,red
128395,red
128397,red
128401,red
128405,red
128407,red
128408,red
128409,red
128411,red
128418,red
128420,red
128421,red
128425,red
128427,red
128429,red
128438,red
128442,red
128443,red
128444,red
128445,red
128446,red
128448,red
128454,red
128455,red
128456,red
128466,red
128470,red
128480,red
128485,red
128488,red
128496,red
128503,red
128508,red
128509,red
128512,red
128513,red
128520,red
128523,red
128526,red
128527,red
128531,red
128533,red
128534,red
128535,red
128537,red
128538,red
128539,red
128543,red
128544,red
128545,red
128546,red
128548,red
128551,red
128554,red
128559,red
128561,red
128562,red
128565,red
128567,red
128571,red
128572,red
128573,red
128574,red
128576,red
128583,red
128587,red
128592,red
128596,red
128597,red
128599,red
128600,red
128607,red
128610,red
128616,red
128617,red
128620,red
128624,red
128627,red
128631,red
128632,red
128633,red
128634,red
128636,red
128637,red
128639,red
128640,red
128641,red
128652,red
128657,red
128662,red
128669,red
128674,red
128679,red
128680,red
128681,red
128682,red
128685,red
128686,red
128690,red
128696,red
128700,red
128701,red
128705,red
128711,red
128714,red
128725,red
128726,red
128739,red
128743,red
128744,red
128745,red
128746,red
128751,red
128756,red
128758,red
128760,red
128764,red
128768,red
128771,red
128772,red
128773,red
128775,red
128776,red
128783,red
128787,red
128792,red
128794,red
128797,red
128799,red
128801,red
128804,red
128806,red
128807,red
128808,red
128810,red
128818,red
128823,red
128824,red
128825,red
128828,red
128831,red
128837,red
128843,red
128850,red
128852,red
128853,red
128861,red
128867,red
128870,red
128874,red
128877,red
128879,red
128883,red
128884,red
128887,red
128895,red
128902,red
128906,red
128909,red
128910,red
128913,red
128915,red
128916,red
128918,red
128919,red
128920,red
128921,red
128922,red
128923,red
128931,red
128932,red
128933,red
128934,red
128935,red
128937,red
128940,red
128942,red
128950,red
128952,red
128956,red
128960,red
128962,red
128963,red
128965,red
128967,red
128970,red
128972,red
128979,red
128980,red
128982,red
128990,red
128991,red
129008,red
129009,red
129010,red
129012,red
129013,red
129014,red
129016,red
129017,red
129023,red
129024,red
129030,red
129032,red
129039,red
129041,red
129045,red
129046,red
129048,red
129052,red
129054,red
129056,red
129057,red
129069,red
129074,red
129078,red
129085,red
129094,red
129095,red
129096,red
129100,red
129102,red
129103,red
129104,red
129106,red
129107,red
129108,red
129109,red
129110,red
129113,red
129114,red
129121,red
129123,red
129128,red
129130,red
129135,red
129137,red
129138,red
129139,red
129145,red
129147,red
129148,red
129149,red
129150,red
129152,red
129155,red
129157,red
129159,red
129164,red
129165,red
129168,red
129175,red
129177,red
129183,red
129186,red
129187,red
129195,red
129201,red
129202,red
129209,red
129212,red
129217,red
129219,red
129221,red
129222,red
129223,red
129225,red
129227,red
129228,red
129236,red
129238,red
129244,red
129245,red
129246,red
129247,red
129250,red
129255,red
129256,red
129262,red
129265,red
129266,red
129267,red
129269,red
129272,red
129274,red
129275,red
129277,red
129282,red
129287,red
129289,red
129292,red
129295,red
129296,red
129297,red
129299,red
129301,red
129311,red
129312,red
129313,red
129320,red
129321,red
129323,red
129325,red
129334,red
129336,red
129345,red
129346,red
129349,red
129356,red
129380,red
129383,red
129386,red
129388,red
129392,red
129393,red
129399,red
129400,red
129410,red
129411,red
129412,red
129416,red
129418,red
129421,red
129426,red
129427,red
129432,red
129435,red
129436,red
129447,red
129450,red
129452,red
129457,red
129464,red
129474,red
129476,red
129477,red
129478,red
129479,red
129481,red
129486,red
129488,red
129491,red
129498,red
129500,red
129505,red
129507,red
129508,red
129510,red
129511,red
129512,red
129516,red
129518,red
129519,red
129522,red
129524,red
129525,red
129526,red
129530,red
129531,red
129538,red
129540,red
129541,red
129542,red
129543,red
129544,red
129548,red
129554,red
129557,red
129558,red
129559,red
129560,red
129564,red
129565,red
129569,red
129570,red
129571,red
129574,red
129582,red
129586,red
129592,red
129596,red
129599,red
129601,red
129602,red
129603,red
129605,red
129608,red
129611,red
129612,red
129617,red
129621,red
129623,red
129625,red
129626,red
129627,red
129628,red
129630,red
129632,red
129634,red
129635,red
129636,red
129637,red
129639,red
129640,red
129646,red
129647,red
129648,red
129655,red
129656,red
129657,red
129661,red
129669,red
129670,red
129676,red
129678,red
129683,red
129700,red
129702,red
129704,red
129705,red
129720,red
129722,red
129734,red
129738,red
129739,red
129745,red
129746,red
129747,red
129748,red
129749,red
129750,red
129755,red
129758,red
129764,red
129765,red
129766,red
129769,red
129771,red
129774,red
129781,red
129792,red
129796,red
129799,red
129801,red
129802,red
129803,red
129807,red
129812,red
129813,red
129816,red
129821,red
129822,red
129823,red
129824,red
129825,red
129827,red
129828,red
129829,red
129831,red
129832,red
129833,red
129834,red
129835,red
129836,red
129837,red
129841,red
129845,red
129847,red
129854,red
129856,red
129862,red
129866,red
129868,red
129869,red
129871,red
129872,red
129873,red
129877,red
129878,red
129879,red
129887,red
129893,red
129895,red
129897,red
129904,red
129908,red
129909,red
129911,red
129912,red
129914,red
129917,red
129928,red
129930,red
129932,red
129934,red
129935,red
129938,red
129942,red
129943,red
129948,red
129949,red
129951,red
129954,red
129957,red
129958,red
129961,red
129962,red
129963,red
129976,red
129984,red
129995,red
129999,red
130001,red
130006,red
130016,red
130020,red
130021,red
130023,red
130027,red
130031,red
130032,red
130034,red
130040,red
130046,red
130048,red
130049,red
130051,red
130055,red
130065,red
130067,red
130071,red
130077,red
130081,red
130082,red
130083,red
130087,red
130088,red
130089,red
130091,red
130096,red
130097,red
130100,red
130101,red
130102,red
130103,red
130108,red
130110,red
130111,red
130113,red
130115,red
130116,red
130118,red
130120,red
130121,red
130122,red
130124,red
130125,red
130129,red
130136,red
130137,red
130154,red
130155,red
130157,red
130174,red
130176,red
130177,red
130178,red
130183,red
130184,red
130186,red
130189,red
130192,red
130193,red
130197,red
130202,red
130203,red
130206,red
130208,red
130212,red
130215,red
130216,red
130223,red
130231,red
130234,red
130237,red
130238,red
130246,red
130260,red
130262,red
130265,red
130273,red
130282,red
130285,red
130288,red
130295,red
130301,red
130305,red
130306,red
130307,red
130309,red
130311,red
130312,red
130313,red
130315,red
130317,red
130319,red
130321,red
130324,red
130330,red
130331,red
130333,red
130335,red
130337,red
130338,red
130345,red
130346,red
130366,red
130368,red
130369,red
130379,red
130381,red
130388,red
130389,red
130392,red
130396,red
130397,red
130398,red
130402,red
130403,red
130404,red
130405,red
130406,red
130410,red
130411,red
130412,red
130423,red
130424,red
130427,red
130428,red
130431,red
130432,red
130434,red
130456,red
130461,red
130462,red
130465,red
130466,red
130467,red
130469,red
130471,red
130477,red
130478,red
130485,red
130488,red
130489,red
130494,red
130499,red
130503,red
130506,red
130522,red
130523,red
130524,red
130529,red
130531,red
130536,red
130540,red
130553,red
130554,red
130555,red
130556,red
130557,red
130558,red
130560,red
130561,red
130563,red
130564,red
130565,red
130566,red
130567,red
130569,red
130570,red
130573,red
130583,red
130584,red
130585,red
130586,red
130587,red
130591,red
130592,red
130595,red
130598,red
130605,red
130606,red
130609,red
130610,red
130612,red
130613,red
130615,red
130616,red
130619,red
130624,red
130631,red
130634,red
130635,red
130636,red
130637,red
130638,red
130639,red
130640,red
130641,red
130642,red
130643,red
130644,red
130645,red
130646,red
130647,red
130648,red
130649,red
130650,red
130651,red
130652,red
130653,red
130654,red
130655,red
130657,red
130663,red
130664,red
130665,red
130667,red
130668,red
130672,red
130673,red
130674,red
130681,red
130682,red
130687,red
130688,red
130690,red
130695,red
130697,red
130698,red
130699,red
130705,red
130706,red
130724,red
130726,red
130728,red
130734,red
130736,red
130740,red
130745,red
130748,red
130752,red
130756,red
130757,red
130762,red
130765,red
130767,red
130768,red
130775,red
130785,red
130806,red
130807,red
130808,red
130809,red
130811,red
130813,red
130815,red
130816,red
130818,red
130819,red
130821,red
130828,red
130831,red
130832,red
130834,red
130835,red
130848,red
130853,red
130862,red
130869,red
130870,red
130877,red
130878,red
130886,red
130888,red
130892,red
130896,red
130902,red
130903,red
130904,red
130905,red
130910,red
130918,red
130919,red
130921,red
130925,red
130926,red
130927,red
130929,red
130932,red
130933,red
130937,red
130938,red
130939,red
130940,red
130942,red
130946,red
130947,red
130955,red
130956,red
130957,red
130958,red
130970,red
130971,red
130972,red
130973,red
130982,red
130995,red
130996,red
130999,red
131002,red
131009,red
131011,red
131013,red
131015,red
131016,red
131018,red
131019,red
131020,red
131021,red
131024,red
131025,red
131029,red
131030,red
131031,red
131036,red
131038,red
131040,red
131041,red
131044,red
131045,red
131048,red
131049,red
131050,red
131051,red
131055,red
131057,red
131061,red
131062,red
131069,red
131071,red
131073,red
131074,red
131077,red
131105,red
131107,red
131108,red
131109,red
131110,red
131111,red
131112,red
131118,red
131119,red
131127,red
131129,red
131130,red
131142,red
131144,red
131153,red
131155,red
131166,red
131168,red
131170,red
131177,red
131178,red
131187,red
131192,red
131193,red
131195,red
131201,red
131203,red
131204,red
131208,red
131214,red
131222,red
131225,red
131227,red
131228,red
131229,red
131234,red
131236,red
131240,red
131241,red
131242,red
131243,red
131259,red
131261,red
131263,red
131282,red
131460,red
131462,red
131463,red
131465,red
131466,red
131467,red
131471,red
131474,red
131478,red
131491,red
131497,red
131498,red
131502,red
131504,red
131509,red
131513,red
131516,red
131532,red
131534,red
131537,red
131539,red
131548,red
131550,red
131552,red
131553,red
131554,red
131559,red
131560,red
131561,red
131565,red
131568,red
131571,red
131572,red
131573,red
131577,red
131578,red
131580,red
131581,red
131582,red
131586,red
131589,red
131594,red
131595,red
131604,red
